{
  "accuracy": 0.7983112183353438,
  "precision": 0.8333333333333334,
  "recall": 0.0014934289127837516,
  "f1": 0.0029815146094215863
}