{
  "train_loss": [
    0.5056769420942591,
    0.49274574559620676,
    0.4898682705354646,
    0.48480914934827113,
    0.4783484619894709,
    0.47260033250742545,
    0.46857838311235805,
    0.46628876794840307,
    0.4643259874766818,
    0.463602572556255,
    0.46233372351595936,
    0.4609795959483208
  ],
  "val_loss": [
    0.48942387104034424,
    0.487989217042923,
    0.48453396558761597,
    0.4780347943305969,
    0.47150787711143494,
    0.4662279188632965,
    0.46466219425201416,
    0.4623813331127167,
    0.4617563784122467,
    0.46173253655433655,
    0.46070393919944763,
    0.4604429602622986
  ]
}